{"threshold": 8.91716595934919, "input_features": 54, "sample_benign": [-0.27706655302347594, 0.041707346851586655, -0.568472893133686, 0.764137673113758, -0.05705561773606244, 0.0010433678055604034, 0.01601700195973219, -0.05489480656385786, 2.9121393458843117, 0.025645883445090084, 0.06748219817348595, -0.11529718850063135, 3.5183540252697654, 0.08779367150892663, 0.40222633227807275, 0.2745099209075594, -0.11205334901970798, 0.0, 0.0, 0.005267781512047749, -0.2644180544503622, -0.1883863829316962, -0.6167135918963876, 1.0085173864457502, 0.26340807643187686, -0.20595271205506344, -0.2139413118042739, 1.4784359777102478, -0.6923491179289414, -0.31316739798968113, -0.0119275532729839, -0.014754890331782015, 0.4415715175650347, 1.4547714564794036, -0.1653045085468141, 1.5399855206401605, 0.0021541619376176943, 0.0, 0.0, 0.0, 0.0, 0.0, 0.0, 0.04808432185056329, 0.08691367751080152, -0.10111882852788553, 0.04952227764953497, 0.003199964914986596, -0.07820752794050419, -0.016983193007300213, -0.013181089579398387, -0.06543321698816391, 0.14913629709270385, -0.15511801894227317], "sample_attack": [-0.27706655302347594, 0.0927487638369621, -0.568472893133686, 2.9933481682045624, -0.05707050561657375, 1.1367623683301904, 2.3678558484151413, -0.05489514133082573, 2.046765536982804, 0.8305533726843931, 2.457543979600379, -0.1152973078501479, -0.34293485341754293, -0.20692054176088037, -0.24399897688865188, -0.27728624763326576, -0.11205883268907928, 0.0, 0.0, 0.0024529863647502186, -0.26441896922158137, -0.1883947139712001, -0.6167135918963876, 2.4347127677173575, 1.9186676813584533, -0.20595271205506344, -0.2139413118042739, -0.6763904660577638, 1.4443580183814622, -0.31316739798968113, -0.0119275532729839, -0.014754890331782015, -0.9534009950647656, 1.7767245735395278, -0.1313504559119155, 2.9898283530674092, 0.001877772032724989, 0.0, 0.0, 0.0, 0.0, 0.0, 0.0, -0.022587278969811067, -0.47316106257986607, -0.19352305867681455, -0.007010229001988718, 0.0032443531954020597, -0.12631029208049382, -0.09857586459168378, -0.14571051442741134, -0.10322786865370305, -0.11838613717450402, 2.9769394828061317]}